data,sample,sattr,strategy,n_sg,anony_mode,info_loss,alpha_adm,alpha_dm,k,w,l,reset_w,calgo,enforcer_str,enforcer,enforcer_name,max_dist,snapshot_id,algo,galgo,AIL,dm,am,AAIL,num_anonymized_fake_entities,num_anonymized_real_entities,num_real_edges,num_fake_edges,num_raw_entities,num_anonymized_entities,num_raw_edges,num_anonymized_edges,anonymized_anonymity,anonymized_attribute_anonymity,anonymized_degree_anonymity,num_removed_entities,num_removed_edges
freebase,-1,P17,mean,10,all,adm,0.5,0.5,6,-1,1,-1,km,gs#0.00,gs,gs,0,6,tanga,ad2,0.559042750315917,0.558679729952894,0.55940577067894,0.00564295449912549,7,1444,3491,16575,3265,1451,6291,20066,1,6,1,1821,2800
freebase,-1,P17,mean,10,all,adm,0.5,0.5,10,-1,2,-1,km,gs#0.00,gs,gs,0,7,tanga,ad2,0.687446885004088,0.686549728976437,0.688344041031736,0.00471920535531341,2,1072,2818,24535,3418,1074,6794,27353,1,10,1,2346,3976
freebase,-1,P17,mean,10,all,adm,0.5,0.5,10,-1,2,-1,km,gs#0.00,gs,gs,0,9,tanga,ad2,0.0129008742625724,0.0116440962448656,0.0141576522802794,0.00334389921536539,9,4329,11405,96953,4371,4338,11645,108358,1,10,1,42,240
freebase,-1,P17,mean,10,all,adm,0.5,0.5,6,-1,1,-1,km,gs#0.00,gs,gs,0,7,tanga,ad2,0.541100906393855,0.540706178275489,0.541495634512221,0.00654001813056451,9,1574,3908,18541,3418,1583,6794,22449,1,6,1,1844,2886
freebase,-1,P17,mean,10,all,adm,0.5,0.5,10,-1,5,-1,km,gs#0.00,gs,gs,0,7,tanga,ad2,0.667243282687302,0.666374311754044,0.66811225362056,0.00435010709870117,2,1141,2880,24635,3418,1143,6794,27515,1,10,1,2277,3914
freebase,-1,P17,mean,10,all,adm,0.5,0.5,10,-1,1,-1,km,gs#0.00,gs,gs,0,4,tanga,ad2,0.736100760343893,0.735569171235085,0.736632349452699,0.00322589260220482,1,820,2221,19284,3100,821,5775,21505,1,10,1,2280,3554
freebase,-1,P17,mean,10,all,adm,0.5,0.5,10,-1,1,-1,km,gs#0.00,gs,gs,0,3,tanga,ad2,0.735227881695167,0.734754098360656,0.735701665029677,0.0030185668768621,1,809,2183,18938,3049,810,5648,21121,1,10,1,2240,3465
freebase,-1,P17,mean,10,all,adm,0.5,0.5,10,-1,5,-1,km,gs#0.00,gs,gs,0,1,tanga,ad2,0.780596090130259,0.780413419179939,0.78077876108058,0.000831885762956865,0,648,1767,15150,2951,648,5271,16917,1,10,2,2303,3504
freebase,-1,P17,mean,10,all,adm,0.5,0.5,8,-1,1,-1,km,gs#0.00,gs,gs,0,4,tanga,ad2,0.670997096058527,0.670531400966184,0.67146279115087,0.00627041173319648,5,1023,2651,17844,3100,1028,5775,20495,1,8,1,2077,3124
freebase,-1,P17,mean,10,all,adm,0.5,0.5,10,-1,4,-1,km,gs#0.00,gs,gs,0,1,tanga,ad2,0.796533463300201,0.796340223652999,0.796726702947405,0.000948835605484502,0,601,1692,14553,2951,601,5271,16245,1,10,1,2350,3579
freebase,-1,P17,mean,10,all,adm,0.5,0.5,8,-1,1,-1,km,gs#0.00,gs,gs,0,7,tanga,ad2,0.590450954361259,0.58983350074068,0.591068407981839,0.00504873596615838,5,1404,3526,23408,3418,1409,6794,26934,1,8,1,2014,3268
freebase,-1,P17,mean,10,all,adm,0.5,0.5,10,-1,5,1,km,gs#0.00,gs,gs,0,8,tanga,ad2,0.115376389240523,0.115245811883634,0.115506966597412,0.00421951935222555,14,3424,6752,56050,3856,3438,8403,62802,1,10,1,432,1651
freebase,-1,P17,mean,10,all,adm,0.5,0.5,6,-1,1,-1,km,gs#0.00,gs,gs,0,1,tanga,ad2,0.667191261779287,0.667117726657645,0.667264796900931,0.00527539921089352,5,984,2394,11507,2951,989,5271,13901,1,6,1,1967,2877
freebase,-1,P17,mean,10,all,adm,0.5,0.5,10,-1,5,1,km,gs#0.00,gs,gs,0,1,tanga,ad2,0.119602478979367,0.119499500121245,0.119705457837485,0.00126951815716777,3,2601,4118,35386,2951,2604,5271,39504,1,10,1,350,1153
freebase,-1,P17,mean,10,all,adm,0.5,0.5,10,-1,2,-1,km,gs#0.00,gs,gs,0,6,tanga,ad2,0.743338689328521,0.742577311454791,0.744100067202247,0.00532337847547353,2,841,2257,19625,3265,843,6291,21882,1,10,1,2424,4034
freebase,-1,P17,mean,10,all,adm,0.5,0.5,10,-1,3,-1,km,gs#0.00,gs,gs,0,5,tanga,ad2,0.728577610859087,0.727906240101362,0.729248981616809,0.00478457314997911,2,859,2257,19552,3155,861,5927,21809,1,10,1,2296,3670
freebase,-1,P17,mean,10,all,adm,0.5,0.5,10,-1,2,-1,km,gs#0.00,gs,gs,0,5,tanga,ad2,0.767529985606403,0.766867279062401,0.768192692150405,0.00554493842739006,2,736,2005,17807,3155,738,5927,19812,1,10,1,2419,3922
freebase,-1,P17,mean,10,all,adm,0.5,0.5,10,-1,4,-1,km,gs#0.00,gs,gs,0,3,tanga,ad2,0.780160187328431,0.779599868809446,0.780720505847417,0.00254227851843516,0,672,1813,15991,3049,672,5648,17804,1,10,1,2377,3835
freebase,-1,P17,mean,10,all,adm,0.5,0.5,10,-1,5,-1,km,gs#0.00,gs,gs,0,8,tanga,ad2,0.540961069871062,0.540036329191725,0.541885810550397,0.00369453451525656,3,1775,4686,39643,3856,1778,8403,44329,1,10,1,2081,3717
freebase,-1,P17,mean,10,all,adm,0.5,0.5,6,-1,1,-1,km,gs#0.00,gs,gs,0,9,tanga,ad2,0.0135078301535008,0.0129694385879082,0.0140462217190935,0.00604468503133021,24,4338,11587,53301,4371,4362,11645,64888,1,6,1,33,58
freebase,-1,P17,mean,10,all,adm,0.5,0.5,10,-1,5,1,km,gs#0.00,gs,gs,0,0,tanga,ad2,0.111107104723217,0.110959151706595,0.111255057739838,0.0024722482594222,9,3894,8731,70720,4371,3903,11646,79451,1,10,1,477,2915
freebase,-1,P17,mean,10,all,adm,0.5,0.5,6,-1,1,-1,km,gs#0.00,gs,gs,0,0,tanga,ad2,0.173633828258415,0.173576465460432,0.173691191056397,0.00527901718282187,19,3628,7621,33879,4371,3647,11646,41500,1,6,1,743,4025
freebase,-1,P17,mean,10,all,adm,0.5,0.5,10,-1,3,-1,km,gs#0.00,gs,gs,0,4,tanga,ad2,0.741617934997322,0.740967741935484,0.74226812805916,0.00251008529476754,0,803,2144,18807,3100,803,5775,20951,1,10,1,2297,3631
freebase,-1,P17,mean,10,all,adm,0.5,0.5,10,-1,5,-1,km,gs#0.00,gs,gs,0,0,tanga,ad2,0.110422384715449,0.110274233231167,0.110570536199728,0.00247058738309497,9,3897,8725,71013,4371,3906,11646,79738,1,10,1,474,2921
freebase,-1,P17,mean,10,all,adm,0.5,0.5,10,-1,3,-1,km,gs#0.00,gs,gs,0,9,tanga,ad2,0.0123390097247987,0.0111925861292842,0.0134854333203135,0.00277218406513647,7,4329,11401,96036,4371,4336,11645,107437,1,10,1,42,244
freebase,-1,P17,mean,10,all,adm,0.5,0.5,2,-1,1,-1,km,gs#0.00,gs,gs,0,9,tanga,ad2,0.0169876729004893,0.0169297905262639,0.0170455552747148,5.89060351443462E-05,0,4297,11501,9814,4371,4297,11645,21315,1,2,1,74,144
freebase,-1,P17,mean,10,all,adm,0.5,0.5,10,-1,5,1,km,gs#0.00,gs,gs,0,6,tanga,ad2,0.117634675873161,0.1175217635268,0.117747588219521,0.00391842927539358,11,2891,5026,42682,3265,2902,6291,47708,1,10,1,374,1265
freebase,-1,P17,mean,10,all,adm,0.5,0.5,8,-1,1,-1,km,gs#0.00,gs,gs,0,5,tanga,ad2,0.658718151485742,0.658227848101266,0.659208454870217,0.0060362752948789,5,1080,2767,18489,3155,1085,5927,21256,1,8,1,2075,3160
freebase,-1,P17,mean,10,all,adm,0.5,0.5,10,-1,5,-1,km,gs#0.00,gs,gs,0,3,tanga,ad2,0.754917909667909,0.754345714002656,0.755490105333162,0.002329549358599,0,749,1949,17062,3049,749,5648,19011,1,10,1,2300,3699
freebase,-1,P17,mean,10,all,adm,0.5,0.5,4,-1,1,-1,km,gs#0.00,gs,gs,0,4,tanga,ad2,0.537815850593097,0.537644813525605,0.537986887660596,0.00590429752923967,8,1437,3228,9189,3100,1445,5775,12417,1,4,1,1663,2547
freebase,-1,P17,mean,10,all,adm,0.5,0.5,6,-1,1,-1,km,gs#0.00,gs,gs,0,3,tanga,ad2,0.609854942716794,0.609620418848168,0.610089466585423,0.0064305874521037,7,1193,2886,13929,3049,1200,5648,16815,1,6,1,1856,2762
freebase,-1,P17,mean,10,all,adm,0.5,0.5,4,-1,1,-1,km,gs#0.00,gs,gs,0,8,tanga,ad2,0.301023710433615,0.300775327337433,0.301272093529798,0.00550068699529923,14,2706,6369,17573,3856,2720,8403,23942,1,4,1,1150,2034
freebase,-1,P17,mean,10,all,adm,0.5,0.5,2,-1,1,-1,km,gs#0.00,gs,gs,0,4,tanga,ad2,0.254214767931485,0.254193548387097,0.254235987475875,2.84518112471019E-05,0,2312,4720,4230,3100,2312,5775,8950,1,2,1,788,1055
freebase,-1,P17,mean,10,all,adm,0.5,0.5,10,-1,3,-1,km,gs#0.00,gs,gs,0,2,tanga,ad2,0.741781319345427,0.741281966124211,0.742280672566643,0.00193010596801012,0,779,2031,17732,3011,779,5497,19763,1,10,1,2232,3466
freebase,-1,P17,mean,10,all,adm,0.5,0.5,10,-1,3,-1,km,gs#0.00,gs,gs,0,7,tanga,ad2,0.660245645137753,0.659356767894395,0.66113452238111,0.00431897814584889,2,1165,3016,25802,3418,1167,6794,28818,1,10,1,2253,3778
freebase,-1,P17,mean,10,all,adm,0.5,0.5,10,-1,5,1,km,gs#0.00,gs,gs,0,9,tanga,ad2,0.109837784797783,0.109689474999081,0.109986094596481,0.00144840190679892,5,3896,8700,70979,4371,3901,11645,79679,1,10,1,475,2945
freebase,-1,P17,mean,10,all,adm,0.5,0.5,6,-1,1,-1,km,gs#0.00,gs,gs,0,8,tanga,ad2,0.390255072975834,0.389821784852904,0.390688361098761,0.00701616663072821,15,2362,5860,27580,3856,2377,8403,33440,1,6,1,1494,2543
freebase,-1,P17,mean,10,all,adm,0.5,0.5,10,-1,3,-1,km,gs#0.00,gs,gs,0,0,tanga,ad2,0.110754086345065,0.110603551781531,0.110904620908598,0.00145238698155792,5,3892,8697,71998,4371,3897,11646,80695,1,10,1,479,2949
freebase,-1,P17,mean,10,all,adm,0.5,0.5,10,-1,3,-1,km,gs#0.00,gs,gs,0,1,tanga,ad2,0.759603709142486,0.759403592002711,0.759803826282263,0.000831754478137533,0,710,1898,16329,2951,710,5271,18227,1,10,1,2241,3373
freebase,-1,P17,mean,10,all,adm,0.5,0.5,10,-1,1,-1,km,gs#0.00,gs,gs,0,1,tanga,ad2,0.767474217799388,0.767276422764228,0.767672012834549,0.0023021670694681,1,687,1889,16388,2951,688,5271,18277,1,10,1,2264,3382
freebase,-1,P17,mean,10,all,adm,0.5,0.5,10,-1,1,-1,km,gs#0.00,gs,gs,0,7,tanga,ad2,0.672528957016014,0.671733432644855,0.673324481387172,0.00508138226038248,3,1123,3022,25771,3418,1126,6794,28793,1,10,1,2295,3772
freebase,-1,P17,mean,10,all,adm,0.5,0.5,10,-1,5,-1,km,gs#0.00,gs,gs,0,9,tanga,ad2,0.013312731318082,0.0120951942107468,0.0145302684254177,0.00376414611911434,11,4329,11354,94189,4371,4340,11645,105543,1,10,1,42,291
freebase,-1,P17,mean,10,all,adm,0.5,0.5,10,-1,1,-1,km,gs#0.00,gs,gs,0,6,tanga,ad2,0.694354270525712,0.693696473837022,0.695012067214403,0.00512932503020693,3,1001,2655,22565,3265,1004,6291,25220,1,10,1,2264,3636
freebase,-1,P17,mean,10,all,adm,0.5,0.5,10,-1,1,-1,km,gs#0.00,gs,gs,0,8,tanga,ad2,0.539196682735897,0.538342304491396,0.540051060980398,0.00408731661153646,4,1782,4861,41670,3856,1786,8403,46531,1,10,1,2074,3542
freebase,-1,P17,mean,10,all,adm,0.5,0.5,10,-1,4,-1,km,gs#0.00,gs,gs,0,8,tanga,ad2,0.523973509974207,0.523045104660771,0.52490191528764,0.00518712193858826,6,1842,4827,40966,3856,1848,8403,45793,1,10,1,2014,3576
freebase,-1,P17,mean,10,all,adm,0.5,0.5,4,-1,1,-1,km,gs#0.00,gs,gs,0,3,tanga,ad2,0.544115185566777,0.543997409806844,0.544232961326718,0.00596303177334436,8,1394,3135,8908,3049,1402,5648,12043,1,4,1,1655,2513
freebase,-1,P17,mean,10,all,adm,0.5,0.5,10,-1,5,1,km,gs#0.00,gs,gs,0,7,tanga,ad2,0.11433995121024,0.114219475042246,0.114460427378235,0.00471997026516865,14,3040,5508,46477,3418,3054,6794,51985,1,10,1,378,1286
freebase,-1,P17,mean,10,all,adm,0.5,0.5,10,-1,2,-1,km,gs#0.00,gs,gs,0,0,tanga,ad2,0.110019286867963,0.109867780281865,0.110170793454058,0.00196324468232248,7,3897,8723,72733,4371,3904,11646,81456,1,10,1,474,2923
freebase,-1,P17,mean,10,all,adm,0.5,0.5,8,-1,1,-1,km,gs#0.00,gs,gs,0,8,tanga,ad2,0.462419581354587,0.46171780513739,0.463121357571784,0.00608060290119973,10,2081,5478,36361,3856,2091,8403,41839,1,8,1,1775,2925
freebase,-1,P17,mean,10,all,adm,0.5,0.5,4,-1,1,-1,km,gs#0.00,gs,gs,0,0,tanga,ad2,0.223312699311178,0.223285512399446,0.223339886222909,0.00528726386526763,18,3409,6798,17170,4371,3427,11646,23968,1,4,1,962,4848
freebase,-1,P17,mean,10,all,adm,0.5,0.5,10,-1,1,-1,km,gs#0.00,gs,gs,0,9,tanga,ad2,0.0102208123921625,0.00913476634236113,0.011306858441964,0.00293465416792054,8,4339,11491,98814,4371,4347,11645,110305,1,10,1,32,154
freebase,-1,P17,mean,10,all,adm,0.5,0.5,10,-1,1,-1,km,gs#0.00,gs,gs,0,0,tanga,ad2,0.110965400823841,0.110806749448237,0.111124052199443,0.0017177089771741,6,3892,8710,74819,4371,3898,11646,83529,1,10,1,479,2936
freebase,-1,P17,mean,10,all,adm,0.5,0.5,10,-1,5,-1,km,gs#0.00,gs,gs,0,4,tanga,ad2,0.752241502977449,0.751612903225806,0.752870102729092,0.00253072627284603,0,770,1985,17380,3100,770,5775,19365,1,10,1,2330,3790
freebase,-1,P17,mean,10,all,adm,0.5,0.5,2,-1,1,-1,km,gs#0.00,gs,gs,0,8,tanga,ad2,0.131792161833927,0.131742789030621,0.131841534637233,5.69267585871522E-05,0,3348,7658,6709,3856,3348,8403,14367,1,2,1,508,745
freebase,-1,P17,mean,10,all,adm,0.5,0.5,4,-1,1,-1,km,gs#0.00,gs,gs,0,6,tanga,ad2,0.486024753916213,0.485801689878212,0.486247817954219,0.00633489871839115,10,1684,3776,10576,3265,1694,6291,14352,1,4,1,1581,2515
freebase,-1,P17,mean,10,all,adm,0.5,0.5,10,-1,2,-1,km,gs#0.00,gs,gs,0,4,tanga,ad2,0.778382823095058,0.777741935483871,0.779023710706246,0.00288352916499501,0,689,1901,17096,3100,689,5775,18997,1,10,1,2411,3874
freebase,-1,P17,mean,10,all,adm,0.5,0.5,8,-1,1,-1,km,gs#0.00,gs,gs,0,3,tanga,ad2,0.672943590785122,0.672560576293386,0.673326605276858,0.00613903110225124,5,1000,2588,17439,3049,1005,5648,20027,1,8,1,2049,3060
freebase,-1,P17,mean,10,all,adm,0.5,0.5,4,-1,1,-1,km,gs#0.00,gs,gs,0,7,tanga,ad2,0.455915902434859,0.455685279942881,0.456146524926842,0.00680774663265639,12,1867,4277,11921,3418,1879,6794,16198,1,4,1,1551,2517
freebase,-1,P17,mean,10,all,adm,0.5,0.5,10,-1,4,-1,km,gs#0.00,gs,gs,0,7,tanga,ad2,0.654087087075669,0.653216417017202,0.654957757134136,0.00419021476185741,2,1186,2984,25501,3418,1188,6794,28485,1,10,1,2232,3810
freebase,-1,P17,mean,10,all,adm,0.5,0.5,2,-1,1,-1,km,gs#0.00,gs,gs,0,0,tanga,ad2,0.361706687732757,0.361702127659574,0.361711247805976,7.14411467671256E-06,0,2790,4486,2874,4371,2790,11646,7360,2,2,2790,1581,7160
freebase,-1,P17,mean,10,all,adm,0.5,0.5,10,-1,3,-1,km,gs#0.00,gs,gs,0,3,tanga,ad2,0.740836959331984,0.740242702525418,0.741431216138552,0.0022877386404313,0,792,2104,18450,3049,792,5648,20554,1,10,1,2257,3544
freebase,-1,P17,mean,10,all,adm,0.5,0.5,10,-1,1,-1,km,gs#0.00,gs,gs,0,5,tanga,ad2,0.729185267443607,0.728625712476251,0.729744822410962,0.0055431099847803,3,857,2303,19769,3155,860,5927,22072,1,10,1,2298,3624
freebase,-1,P17,mean,10,all,adm,0.5,0.5,10,-1,5,-1,km,gs#0.00,gs,gs,0,5,tanga,ad2,0.745029109865899,0.744377573645866,0.745680646085934,0.00501470932836297,2,807,2066,17968,3155,809,5927,20034,1,10,1,2348,3861
freebase,-1,P17,mean,10,all,adm,0.5,0.5,8,-1,1,-1,km,gs#0.00,gs,gs,0,1,tanga,ad2,0.700734916855754,0.700608930987821,0.700860902723687,0.00603642047821133,5,885,2239,15022,2951,890,5271,17261,1,8,1,2066,3032
freebase,-1,P17,mean,10,all,adm,0.5,0.5,10,-1,4,-1,km,gs#0.00,gs,gs,0,4,tanga,ad2,0.777068810525655,0.776451612903226,0.777686008148085,0.00276091288532714,0,693,1871,16499,3100,693,5775,18370,1,10,1,2407,3904
freebase,-1,P17,mean,10,all,adm,0.5,0.5,4,-1,1,-1,km,gs#0.00,gs,gs,0,2,tanga,ad2,0.562504079934268,0.562437920771407,0.562570239097135,0.00616995483280874,8,1321,2976,8424,3011,1329,5497,11400,1,4,1,1690,2521
freebase,-1,P17,mean,10,all,adm,0.5,0.5,10,-1,4,-1,km,gs#0.00,gs,gs,0,2,tanga,ad2,0.785288092930871,0.7847891066091,0.785787079252642,0.00231859230687262,0,648,1745,15350,3011,648,5497,17095,1,10,1,2363,3752
freebase,-1,P17,mean,10,all,adm,0.5,0.5,10,-1,5,1,km,gs#0.00,gs,gs,0,4,tanga,ad2,0.116433026370348,0.116324372112925,0.116541680627768,0.00446765738011922,12,2750,4604,38969,3100,2762,5775,43573,1,10,1,350,1171
freebase,-1,P17,mean,10,all,adm,0.5,0.5,2,-1,1,-1,km,gs#0.00,gs,gs,0,1,tanga,ad2,0.450021717245253,0.450016943409014,0.450026491081502,8.67996965716362E-06,0,1623,2450,2073,2951,1623,5271,4523,2,2,1623,1328,2821
freebase,-1,P17,mean,10,all,adm,0.5,0.5,6,-1,1,-1,km,gs#0.00,gs,gs,0,2,tanga,ad2,0.621787754891338,0.621603711066932,0.621971798715746,0.00657566950570829,7,1142,2735,13171,3011,1149,5497,15906,1,6,1,1869,2762
freebase,-1,P17,mean,10,all,adm,0.5,0.5,8,-1,1,-1,km,gs#0.00,gs,gs,0,9,tanga,ad2,0.0117809216762059,0.010949113231925,0.0126127301204868,0.00382790625429774,13,4336,11512,75436,4371,4349,11645,86948,1,8,1,35,133
freebase,-1,P17,mean,10,all,adm,0.5,0.5,8,-1,1,-1,km,gs#0.00,gs,gs,0,2,tanga,ad2,0.674719152710497,0.674403183023873,0.67503512239712,0.00603137241626836,5,982,2497,16785,3011,987,5497,19282,1,8,1,2029,3000
freebase,-1,P17,mean,10,all,adm,0.5,0.5,8,-1,1,-1,km,gs#0.00,gs,gs,0,0,tanga,ad2,0.136825626426186,0.136726983116538,0.136924269735829,0.00275135555973114,10,3782,8170,52572,4371,3792,11646,60742,1,8,1,589,3476
freebase,-1,P17,mean,10,all,adm,0.5,0.5,10,-1,5,1,km,gs#0.00,gs,gs,0,3,tanga,ad2,0.115251731125795,0.115146049077986,0.115357413173601,0.00306842439220924,8,2705,4467,37870,3049,2713,5648,42337,1,10,1,344,1181
freebase,-1,P17,mean,10,all,adm,0.5,0.5,10,-1,4,-1,km,gs#0.00,gs,gs,0,0,tanga,ad2,0.111361105514059,0.111212853327824,0.111509357700293,0.00221803786132101,8,3892,8712,71389,4371,3900,11646,80101,1,10,1,479,2934
freebase,-1,P17,mean,10,all,adm,0.5,0.5,10,-1,4,-1,km,gs#0.00,gs,gs,0,6,tanga,ad2,0.723721270539108,0.722987473683136,0.724455067395077,0.00484839074624307,2,905,2325,19817,3265,907,6291,22142,1,10,1,2360,3966
freebase,-1,P17,mean,10,all,adm,0.5,0.5,8,-1,1,-1,km,gs#0.00,gs,gs,0,6,tanga,ad2,0.638175959685686,0.637614702279082,0.63873721709229,0.00574407982177488,5,1185,3047,20202,3265,1190,6291,23249,1,8,1,2080,3244
freebase,-1,P17,mean,10,all,adm,0.5,0.5,4,-1,1,-1,km,gs#0.00,gs,gs,0,1,tanga,ad2,0.626254756033013,0.626225104592093,0.62628440747394,0.0072602271687146,8,1106,2290,6360,2951,1114,5271,8650,1,4,1,1845,2981
freebase,-1,P17,mean,10,all,adm,0.5,0.5,2,-1,1,-1,km,gs#0.00,gs,gs,0,5,tanga,ad2,0.238380391454078,0.238351822503962,0.238408960404195,3.75093789490484E-05,0,2403,4953,4430,3155,2403,5927,9383,1,2,1,752,974
freebase,-1,P17,mean,10,all,adm,0.5,0.5,10,-1,3,-1,km,gs#0.00,gs,gs,0,8,tanga,ad2,0.530602978683894,0.529671234950105,0.531534722417682,0.00362905502884063,3,1815,4876,41540,3856,1818,8403,46416,1,10,1,2041,3527
freebase,-1,P17,mean,10,all,adm,0.5,0.5,6,-1,1,-1,km,gs#0.00,gs,gs,0,4,tanga,ad2,0.605373718099189,0.60508529127776,0.60566214492062,0.00639881858523625,7,1227,2970,14313,3100,1234,5775,17283,1,6,1,1873,2805
freebase,-1,P17,mean,10,all,adm,0.5,0.5,10,-1,3,-1,km,gs#0.00,gs,gs,0,6,tanga,ad2,0.693441685152171,0.692684466803063,0.694198903501278,0.00444747254302597,2,1004,2566,21814,3265,1006,6291,24380,1,10,1,2261,3725
freebase,-1,P17,mean,10,all,adm,0.5,0.5,6,-1,1,-1,km,gs#0.00,gs,gs,0,5,tanga,ad2,0.593939915573146,0.593611638203669,0.594268192942622,0.00622137232375075,7,1285,3108,14874,3155,1292,5927,17982,1,6,1,1870,2819
freebase,-1,P17,mean,10,all,adm,0.5,0.5,10,-1,5,1,km,gs#0.00,gs,gs,0,5,tanga,ad2,0.118091976380305,0.117981520365413,0.118202432395196,0.00546127917939471,15,2796,4755,40209,3155,2811,5927,44964,1,10,1,359,1172
freebase,-1,P17,mean,10,all,adm,0.5,0.5,10,-1,2,-1,km,gs#0.00,gs,gs,0,2,tanga,ad2,0.789956867613625,0.789438724676187,0.790475010551062,0.00246077032275088,0,634,1747,15738,3011,634,5497,17485,1,10,1,2377,3750
freebase,-1,P17,mean,10,all,adm,0.5,0.5,10,-1,2,-1,km,gs#0.00,gs,gs,0,8,tanga,ad2,0.534251478932462,0.533299101033644,0.53520385683128,0.00370130724767176,3,1801,4830,41555,3856,1804,8403,46385,1,10,1,2055,3573
freebase,-1,P17,mean,10,all,adm,0.5,0.5,10,-1,4,-1,km,gs#0.00,gs,gs,0,5,tanga,ad2,0.763073138052742,0.762432689261957,0.763713586843525,0.00534826706450429,2,750,2003,17407,3155,752,5927,19410,1,10,1,2405,3924
freebase,-1,P17,mean,10,all,adm,0.5,0.5,10,-1,1,-1,km,gs#0.00,gs,gs,0,2,tanga,ad2,0.742450545106475,0.74203187250996,0.74286921770299,0.00290622347134121,1,777,2077,17980,3011,778,5497,20057,1,10,1,2234,3420
freebase,-1,P17,mean,10,all,adm,0.5,0.5,4,-1,1,-1,km,gs#0.00,gs,gs,0,9,tanga,ad2,0.013724675753066,0.0134336191651653,0.0140157323409669,0.00511685298452599,21,4333,11513,31092,4371,4354,11645,42605,1,4,1,38,132
freebase,-1,P17,mean,10,all,adm,0.5,0.5,10,-1,5,1,km,gs#0.00,gs,gs,0,2,tanga,ad2,0.120382321014996,0.120278824073452,0.120485817956536,0.002747537387515,7,2655,4338,36980,3011,2662,5497,41318,1,10,1,356,1159
freebase,-1,P17,mean,10,all,adm,0.5,0.5,2,-1,1,-1,km,gs#0.00,gs,gs,0,3,tanga,ad2,0.282730072948656,0.282715644473598,0.282744501423715,2.01154185875866E-05,0,2187,4378,3915,3049,2187,5648,8293,1,2,1,862,1270
freebase,-1,P17,mean,10,all,adm,0.5,0.5,10,-1,4,-1,km,gs#0.00,gs,gs,0,9,tanga,ad2,0.0153553291049643,0.0141520591631571,0.0165585990467717,0.00352776572812195,10,4319,11272,94579,4371,4329,11645,105851,1,10,1,52,373
freebase,-1,P17,mean,10,all,adm,0.5,0.5,10,-1,2,-1,km,gs#0.00,gs,gs,0,3,tanga,ad2,0.781496232413876,0.780911774352247,0.782080690475505,0.00266768357770655,0,668,1845,16616,3049,668,5648,18461,1,10,1,2381,3803
freebase,-1,P17,mean,10,all,adm,0.5,0.5,10,-1,2,-1,km,gs#0.00,gs,gs,0,1,tanga,ad2,0.798235668856175,0.798034564554388,0.798436773157962,0.000995736232507876,0,596,1681,14940,2951,596,5271,16621,10,10,596,2355,3590
freebase,-1,P17,mean,10,all,adm,0.5,0.5,2,-1,1,-1,km,gs#0.00,gs,gs,0,6,tanga,ad2,0.2181074719138,0.218070467555797,0.218144476271802,4.73585882180466E-05,0,2553,5361,4803,3265,2553,6291,10164,1,2,1,712,930
freebase,-1,P17,mean,10,all,adm,0.5,0.5,10,-1,5,-1,km,gs#0.00,gs,gs,0,6,tanga,ad2,0.713020325830752,0.712274304574719,0.713766347086784,0.00471082097562813,2,940,2371,20187,3265,942,6291,22558,1,10,1,2325,3920
freebase,-1,P17,mean,10,all,adm,0.5,0.5,2,-1,1,-1,km,gs#0.00,gs,gs,0,7,tanga,ad2,0.197233422346865,0.197191361364011,0.197275483329718,5.2422217355147E-05,0,2744,5882,5244,3418,2744,6794,11126,1,2,1,674,912
freebase,-1,P17,mean,10,all,adm,0.5,0.5,10,-1,5,-1,km,gs#0.00,gs,gs,0,2,tanga,ad2,0.765699662589722,0.765194287612089,0.766205037567357,0.00215231125552273,0,707,1838,16060,3011,707,5497,17898,1,10,1,2304,3659
freebase,-1,P17,mean,10,all,adm,0.5,0.5,2,-1,1,-1,km,gs#0.00,gs,gs,0,2,tanga,ad2,0.335445916860035,0.335436759557919,0.335455074162153,1.3831394245403E-05,0,2001,3485,3079,3011,2001,5497,6564,2,2,2001,1010,2012
freebase,-1,P17,mean,10,all,adm,0.5,0.5,4,-1,1,-1,km,gs#0.00,gs,gs,0,5,tanga,ad2,0.520753394372034,0.520543640649149,0.520963148094926,0.00633275373503844,9,1517,3393,9601,3155,1526,5927,12994,1,4,1,1638,2534
